id,name,localized_name,primary_attr,attack_type,roles,img,icon,base_health,base_health_regen,base_mana,base_mana_regen,base_armor,base_mr,base_attack_min,base_attack_max,base_str,base_agi,base_int,str_gain,agi_gain,int_gain,attack_range,projectile_speed,attack_rate,move_speed,turn_rate,cm_enabled,legs,hero_id,turbo_picks,turbo_wins,pro_ban,pro_win,pro_pick,1_pick,1_win,2_pick,2_win,3_pick,3_win,4_pick,4_win,5_pick,5_win,6_pick,6_win,7_pick,7_win,8_pick,8_win,null_pick,null_win
1,npc_dota_hero_antimage,Anti-Mage,agi,Melee,"['Carry', 'Escape', 'Nuker']",/apps/dota2/images/dota_react/heroes/antimage.png?,/apps/dota2/images/dota_react/heroes/icons/antimage.png?,200,0.25,75,0.0,0.0,25,29,33,21,24,12,1.6,2.8,1.8,150,0,1.4,310,,True,2,1,399946,203514,750,80.0,151.0,33299,16082,48384,23500,49580,24132,38728,18636,21749,10370,10114,4813,5255,2483,2095,973,2163169,0
2,npc_dota_hero_axe,Axe,str,Melee,"['Initiator', 'Durable', 'Disabler', 'Jungler', 'Carry']",/apps/dota2/images/dota_react/heroes/axe.png?,/apps/dota2/images/dota_react/heroes/icons/axe.png?,200,2.75,75,0.0,-1.0,25,27,31,25,20,18,3.4,2.2,1.6,150,900,1.7,310,,True,2,2,413479,227805,57,35.0,74.0,40185,22696,58755,32396,56360,30724,41218,21986,22281,11829,9772,5067,4530,2310,1401,709,1968149,0
3,npc_dota_hero_bane,Bane,int,Ranged,"['Support', 'Disabler', 'Nuker', 'Durable']",/apps/dota2/images/dota_react/heroes/bane.png?,/apps/dota2/images/dota_react/heroes/icons/bane.png?,200,0.25,75,0.0,1.0,25,33,39,22,22,22,2.5,2.5,2.5,400,900,1.7,305,,True,4,3,83056,38170,282,325.0,589.0,7161,3364,11127,5447,13002,6371,11410,5774,7705,3941,4283,2233,2954,1530,2089,1085,733503,0
4,npc_dota_hero_bloodseeker,Bloodseeker,agi,Melee,"['Carry', 'Disabler', 'Jungler', 'Nuker', 'Initiator']",/apps/dota2/images/dota_react/heroes/bloodseeker.png?,/apps/dota2/images/dota_react/heroes/icons/bloodseeker.png?,200,0.25,75,0.0,2.0,25,35,41,24,22,17,2.7,3.1,2.0,150,900,1.7,300,,True,2,4,260589,126929,350,84.0,168.0,18862,9553,20248,10413,18655,9591,13958,7179,7821,3971,3740,1875,1876,941,794,403,802544,0
5,npc_dota_hero_crystal_maiden,Crystal Maiden,int,Ranged,"['Support', 'Disabler', 'Nuker', 'Jungler']",/apps/dota2/images/dota_react/heroes/crystal_maiden.png?,/apps/dota2/images/dota_react/heroes/icons/crystal_maiden.png?,200,0.25,75,1.0,-1.0,25,28,34,18,16,16,2.2,1.6,3.3,600,900,1.7,280,,True,2,5,342703,175095,5,12.0,32.0,30911,16579,42071,21903,40321,20791,29453,15017,16003,8217,7039,3584,3125,1577,1162,568,1549802,0
6,npc_dota_hero_drow_ranger,Drow Ranger,agi,Ranged,"['Carry', 'Disabler', 'Pusher']",/apps/dota2/images/dota_react/heroes/drow_ranger.png?,/apps/dota2/images/dota_react/heroes/icons/drow_ranger.png?,200,0.25,75,0.0,0.0,25,29,36,16,20,15,1.9,2.9,1.4,625,1250,1.7,295,0.7,True,2,6,772910,420705,140,44.0,93.0,45293,24181,59783,31866,56090,29400,40061,20871,20923,10745,8575,4238,3534,1693,889,445,2589985,0
7,npc_dota_hero_earthshaker,Earthshaker,str,Melee,"['Support', 'Initiator', 'Disabler', 'Nuker']",/apps/dota2/images/dota_react/heroes/earthshaker.png?,/apps/dota2/images/dota_react/heroes/icons/earthshaker.png?,200,1.0,75,0.0,2.0,25,27,37,22,12,18,3.7,1.4,2.1,150,0,1.7,315,0.9,True,2,7,420741,209034,13,21.0,51.0,24228,12006,35084,17074,37547,18505,30135,15017,17204,8732,7686,3926,3515,1732,1014,523,1689827,0
8,npc_dota_hero_juggernaut,Juggernaut,agi,Melee,"['Carry', 'Pusher', 'Escape']",/apps/dota2/images/dota_react/heroes/juggernaut.png?,/apps/dota2/images/dota_react/heroes/icons/juggernaut.png?,200,0.5,75,0.0,0.0,25,16,20,20,34,14,2.2,2.8,1.4,150,0,1.4,305,,True,2,8,743423,388724,232,64.0,135.0,44723,23651,69655,37774,75870,41717,60117,33486,34079,18923,15331,8403,7030,3676,1991,1004,2830076,0
9,npc_dota_hero_mirana,Mirana,agi,Ranged,"['Carry', 'Support', 'Escape', 'Nuker', 'Disabler']",/apps/dota2/images/dota_react/heroes/mirana.png?,/apps/dota2/images/dota_react/heroes/icons/mirana.png?,200,0.25,75,0.4,-2.0,25,24,30,18,24,22,2.2,3.4,1.9,630,900,1.7,290,,True,2,9,308878,158130,153,159.0,298.0,21439,11071,39601,20487,45403,23558,36808,19090,20723,10691,9267,4809,4382,2303,1974,1017,1809742,0
10,npc_dota_hero_morphling,Morphling,agi,Ranged,"['Carry', 'Escape', 'Durable', 'Nuker', 'Disabler']",/apps/dota2/images/dota_react/heroes/morphling.png?,/apps/dota2/images/dota_react/heroes/icons/morphling.png?,200,0.25,75,0.0,-2.0,25,9,18,22,24,19,3.0,3.9,1.8,350,1300,1.5,285,0.7,True,0,10,247379,126601,245,52.0,108.0,20521,10308,23106,11605,21557,10689,16611,8132,10110,4990,5345,2649,3080,1514,1400,706,1218716,0
11,npc_dota_hero_nevermore,Shadow Fiend,agi,Ranged,"['Carry', 'Nuker']",/apps/dota2/images/dota_react/heroes/nevermore.png?,/apps/dota2/images/dota_react/heroes/icons/nevermore.png?,200,0.25,75,0.3,1.0,25,19,25,19,20,18,2.7,3.5,2.2,500,1200,1.6,305,0.9,True,0,11,697314,340323,55,31.0,59.0,39241,19723,49460,25199,49153,25129,37127,18896,19810,9919,8333,4175,3740,1799,1127,533,2197567,0
12,npc_dota_hero_phantom_lancer,Phantom Lancer,agi,Melee,"['Carry', 'Escape', 'Pusher', 'Nuker']",/apps/dota2/images/dota_react/heroes/phantom_lancer.png?,/apps/dota2/images/dota_react/heroes/icons/phantom_lancer.png?,200,1.5,75,0.0,-1.0,25,26,36,19,26,21,2.2,3.2,2.0,150,900,1.7,290,,True,2,12,252760,131149,403,44.0,121.0,21158,10625,24928,12527,21591,10706,15315,7575,8411,4288,3974,2046,2392,1210,1180,635,1120591,0
13,npc_dota_hero_puck,Puck,int,Ranged,"['Initiator', 'Disabler', 'Escape', 'Nuker']",/apps/dota2/images/dota_react/heroes/puck.png?,/apps/dota2/images/dota_react/heroes/icons/puck.png?,200,0.5,75,0.5,-3.0,25,22,30,17,22,23,2.4,2.5,3.5,550,900,1.7,290,0.9,True,2,13,183559,84318,905,132.0,277.0,9888,4554,18863,8996,26002,12613,25529,12452,16875,8423,8856,4459,4755,2470,2214,1143,1134155,0
14,npc_dota_hero_pudge,Pudge,str,Melee,"['Disabler', 'Initiator', 'Durable', 'Nuker']",/apps/dota2/images/dota_react/heroes/pudge.png?,/apps/dota2/images/dota_react/heroes/icons/pudge.png?,200,2.0,75,0.0,-1.0,25,42,48,25,14,16,3.0,1.4,1.8,175,0,1.7,280,0.7,True,2,14,1479505,682895,35,18.0,39.0,64571,31652,93782,44584,96114,45495,74935,35199,41653,19188,18258,8364,8324,3762,2202,921,4196853,0
15,npc_dota_hero_razor,Razor,agi,Ranged,"['Carry', 'Durable', 'Nuker', 'Pusher']",/apps/dota2/images/dota_react/heroes/razor.png?,/apps/dota2/images/dota_react/heroes/icons/razor.png?,200,1.0,75,0.0,-1.0,25,23,25,22,22,21,2.8,2.6,2.2,475,2000,1.7,290,,True,0,15,164773,81140,373,99.0,175.0,12309,6053,15386,7559,16054,8145,13113,6532,7856,3955,3552,1742,1826,913,677,325,791867,0
16,npc_dota_hero_sand_king,Sand King,str,Melee,"['Initiator', 'Disabler', 'Support', 'Nuker', 'Escape', 'Jungler']",/apps/dota2/images/dota_react/heroes/sand_king.png?,/apps/dota2/images/dota_react/heroes/icons/sand_king.png?,200,0.25,75,0.0,0.0,25,23,33,22,19,19,2.7,1.8,1.8,150,900,1.7,290,,True,6,16,257616,134372,885,339.0,600.0,20721,11133,35645,18700,42319,22191,38038,20174,24202,12760,12129,6283,6885,3658,3090,1592,1426295,0
17,npc_dota_hero_storm_spirit,Storm Spirit,int,Ranged,"['Carry', 'Escape', 'Nuker', 'Initiator', 'Disabler']",/apps/dota2/images/dota_react/heroes/storm_spirit.png?,/apps/dota2/images/dota_react/heroes/icons/storm_spirit.png?,200,0.25,75,0.5,2.0,25,24,34,21,22,23,2.0,1.9,3.9,480,1100,1.7,285,0.8,True,2,17,378671,169723,891,274.0,527.0,22947,10503,35082,16629,40390,19650,35109,17357,22025,11157,10998,5506,6073,3047,3136,1641,1498241,0
18,npc_dota_hero_sven,Sven,str,Melee,"['Carry', 'Disabler', 'Initiator', 'Durable', 'Nuker']",/apps/dota2/images/dota_react/heroes/sven.png?,/apps/dota2/images/dota_react/heroes/icons/sven.png?,200,0.25,75,0.0,0.0,25,41,43,22,21,16,3.2,2.2,1.3,150,0,1.9,325,,True,2,18,171646,81615,15,19.0,41.0,14303,6612,17432,7953,15239,6952,10336,4715,5127,2325,2123,946,965,455,421,190,777157,0
19,npc_dota_hero_tiny,Tiny,str,Melee,"['Carry', 'Nuker', 'Pusher', 'Initiator', 'Durable', 'Disabler']",/apps/dota2/images/dota_react/heroes/tiny.png?,/apps/dota2/images/dota_react/heroes/icons/tiny.png?,200,1.5,75,0.0,0.0,25,31,37,30,0,17,4.0,0.0,2.2,150,900,1.7,295,,True,2,19,366491,182046,558,241.0,494.0,33661,16998,48818,25111,53709,27576,45944,23840,28455,14807,14625,7593,8242,4303,3690,1897,1541983,0
20,npc_dota_hero_vengefulspirit,Vengeful Spirit,agi,Ranged,"['Support', 'Initiator', 'Disabler', 'Nuker', 'Escape']",/apps/dota2/images/dota_react/heroes/vengefulspirit.png?,/apps/dota2/images/dota_react/heroes/icons/vengefulspirit.png?,200,0.25,75,0.0,0.0,25,24,30,19,20,19,2.6,3.2,1.5,400,1500,1.7,295,,True,2,20,213126,116084,85,89.0,149.0,13100,6708,21580,11147,24986,13047,21451,11186,12573,6630,5972,3141,2850,1502,886,443,943413,0
21,npc_dota_hero_windrunner,Windranger,int,Ranged,"['Carry', 'Support', 'Disabler', 'Escape', 'Nuker']",/apps/dota2/images/dota_react/heroes/windrunner.png?,/apps/dota2/images/dota_react/heroes/icons/windrunner.png?,200,0.25,75,0.0,-1.0,25,24,36,18,17,18,3.0,1.4,3.6,600,1250,1.5,290,0.8,True,2,21,508416,259101,97,70.0,126.0,30714,15107,44673,22077,47351,23349,37596,18584,21148,10503,9765,4784,4516,2225,1674,821,2099220,0
22,npc_dota_hero_zuus,Zeus,int,Ranged,"['Nuker', 'Carry']",/apps/dota2/images/dota_react/heroes/zuus.png?,/apps/dota2/images/dota_react/heroes/icons/zuus.png?,200,0.25,75,0.0,2.0,25,33,41,19,11,22,2.1,1.2,3.3,380,1100,1.7,315,,True,2,22,524482,275258,39,7.0,17.0,25904,13181,37033,18923,37940,19310,29112,14820,15386,7836,6484,3309,2588,1284,649,337,1830930,0
23,npc_dota_hero_kunkka,Kunkka,str,Melee,"['Carry', 'Support', 'Disabler', 'Initiator', 'Durable', 'Nuker']",/apps/dota2/images/dota_react/heroes/kunkka.png?,/apps/dota2/images/dota_react/heroes/icons/kunkka.png?,200,0.75,75,0.0,2.0,25,26,36,24,14,18,3.8,1.6,1.8,150,900,1.7,315,,True,2,23,225699,103831,426,137.0,277.0,20073,9543,29253,13768,31563,15298,24428,11634,13206,6319,5802,2753,2651,1233,1123,496,1439899,0
25,npc_dota_hero_lina,Lina,int,Ranged,"['Support', 'Carry', 'Nuker', 'Disabler']",/apps/dota2/images/dota_react/heroes/lina.png?,/apps/dota2/images/dota_react/heroes/icons/lina.png?,200,0.25,75,0.0,0.0,25,21,29,20,23,30,2.4,2.4,3.8,670,1000,1.6,290,,True,2,25,366629,159336,550,114.0,222.0,31580,14255,37867,17307,36395,16728,26362,12324,14596,6873,6649,3188,3609,1768,1631,738,1707169,0
26,npc_dota_hero_lion,Lion,int,Ranged,"['Support', 'Disabler', 'Nuker', 'Initiator']",/apps/dota2/images/dota_react/heroes/lion.png?,/apps/dota2/images/dota_react/heroes/icons/lion.png?,200,0.25,75,0.0,-1.0,25,29,35,18,18,18,2.2,1.5,3.5,600,900,1.7,290,,True,2,26,634897,282353,35,42.0,95.0,52910,25077,76291,35441,76180,35181,56602,25875,29714,13561,12493,5759,5501,2597,1490,676,3267334,0
27,npc_dota_hero_shadow_shaman,Shadow Shaman,int,Ranged,"['Support', 'Pusher', 'Disabler', 'Nuker', 'Initiator']",/apps/dota2/images/dota_react/heroes/shadow_shaman.png?,/apps/dota2/images/dota_react/heroes/icons/shadow_shaman.png?,200,1.0,75,0.0,2.0,25,46,53,23,16,25,2.3,1.6,3.5,400,900,1.7,285,,True,2,27,489996,260361,170,177.0,361.0,41014,21166,54546,28344,53682,27961,41331,21840,23350,12213,10821,5752,5535,2919,2471,1254,2011232,0
28,npc_dota_hero_slardar,Slardar,str,Melee,"['Carry', 'Durable', 'Initiator', 'Disabler', 'Escape']",/apps/dota2/images/dota_react/heroes/slardar.png?,/apps/dota2/images/dota_react/heroes/icons/slardar.png?,200,0.5,75,0.0,3.0,25,30,38,21,17,15,3.6,2.4,1.5,150,0,1.7,300,,True,0,28,226744,118173,58,18.0,49.0,17460,8660,25113,12482,24073,11948,17390,8891,9051,4599,3897,1999,1771,899,659,359,1062346,0
29,npc_dota_hero_tidehunter,Tidehunter,str,Melee,"['Initiator', 'Durable', 'Disabler', 'Nuker', 'Carry']",/apps/dota2/images/dota_react/heroes/tidehunter.png?,/apps/dota2/images/dota_react/heroes/icons/tidehunter.png?,200,0.25,75,0.5,0.0,25,25,31,27,15,18,3.5,1.5,1.7,150,900,1.7,300,,True,2,29,146481,73159,129,33.0,82.0,12816,6354,21859,10561,23492,11280,17760,8462,9090,4290,3935,1806,1625,683,496,201,1151803,0
30,npc_dota_hero_witch_doctor,Witch Doctor,int,Ranged,"['Support', 'Nuker', 'Disabler']",/apps/dota2/images/dota_react/heroes/witch_doctor.png?,/apps/dota2/images/dota_react/heroes/icons/witch_doctor.png?,200,0.25,75,0.0,0.0,25,29,39,18,13,22,2.3,1.4,3.3,600,1200,1.7,300,,True,2,30,406449,203663,18,21.0,42.0,40194,20502,56445,28167,52221,25904,36630,17699,17623,8460,6916,3309,2893,1334,903,395,1995127,0
31,npc_dota_hero_lich,Lich,int,Ranged,"['Support', 'Nuker']",/apps/dota2/images/dota_react/heroes/lich.png?,/apps/dota2/images/dota_react/heroes/icons/lich.png?,200,0.25,75,0.75,-1.0,25,24,33,20,17,24,2.1,2.0,3.6,550,900,1.7,295,0.7,True,2,31,191632,95026,26,29.0,69.0,19123,9721,27648,13971,29756,15138,23333,11817,13438,6747,6375,3180,2933,1487,964,492,1203039,0
32,npc_dota_hero_riki,Riki,agi,Melee,"['Carry', 'Escape', 'Disabler']",/apps/dota2/images/dota_react/heroes/riki.png?,/apps/dota2/images/dota_react/heroes/icons/riki.png?,200,2.5,75,0.0,3.0,25,41,45,18,18,14,2.6,1.4,1.3,150,900,1.7,315,,True,2,32,257669,133309,19,8.0,14.0,17856,9314,20909,10955,18818,9855,12959,6754,6668,3478,2843,1479,1415,757,538,278,987492,0
33,npc_dota_hero_enigma,Enigma,int,Ranged,"['Disabler', 'Jungler', 'Initiator', 'Pusher']",/apps/dota2/images/dota_react/heroes/enigma.png?,/apps/dota2/images/dota_react/heroes/icons/enigma.png?,200,0.25,75,0.0,2.0,25,24,30,21,14,19,2.5,1.0,3.6,500,900,1.7,290,,True,0,33,362411,185309,54,28.0,54.0,16808,8386,19540,9908,17649,9092,12411,6381,6487,3303,3072,1590,1479,753,668,397,859959,0
34,npc_dota_hero_tinker,Tinker,int,Ranged,"['Carry', 'Nuker', 'Pusher']",/apps/dota2/images/dota_react/heroes/tinker.png?,/apps/dota2/images/dota_react/heroes/icons/tinker.png?,200,0.25,75,0.75,2.0,25,22,28,18,13,30,2.5,1.2,3.3,500,900,1.7,290,,True,2,34,214986,96603,52,5.0,14.0,12195,5671,16654,7960,17068,8105,12752,6150,7243,3529,3262,1545,1433,718,450,236,1303990,0
35,npc_dota_hero_sniper,Sniper,agi,Ranged,"['Carry', 'Nuker']",/apps/dota2/images/dota_react/heroes/sniper.png?,/apps/dota2/images/dota_react/heroes/icons/sniper.png?,200,0.25,75,0.0,-1.0,25,13,19,19,27,15,2.0,3.2,2.6,550,3000,1.7,285,0.7,True,2,35,1026243,527437,62,36.0,79.0,59675,31534,83823,43815,80685,41934,56591,29082,27462,13809,10531,5274,4090,1946,901,404,3003502,0
36,npc_dota_hero_necrolyte,Necrophos,int,Ranged,"['Carry', 'Nuker', 'Durable', 'Disabler']",/apps/dota2/images/dota_react/heroes/necrolyte.png?,/apps/dota2/images/dota_react/heroes/icons/necrolyte.png?,200,0.25,75,0.0,1.0,25,26,30,18,12,21,2.3,1.3,2.7,500,1200,1.7,280,,True,2,36,412663,213481,422,91.0,175.0,35018,18695,54860,28845,58945,30976,47546,24959,27459,14072,12936,6614,6770,3412,2620,1277,1836027,0
37,npc_dota_hero_warlock,Warlock,int,Ranged,"['Support', 'Initiator', 'Disabler']",/apps/dota2/images/dota_react/heroes/warlock.png?,/apps/dota2/images/dota_react/heroes/icons/warlock.png?,200,0.25,75,0.0,1.0,25,24,34,24,10,25,3.0,1.0,3.1,600,1200,1.7,290,,True,2,37,122527,67267,9,7.0,15.0,9150,4730,13774,7227,14254,7529,10807,5578,5812,2982,2631,1389,1186,595,325,160,599310,0
38,npc_dota_hero_beastmaster,Beastmaster,str,Melee,"['Initiator', 'Disabler', 'Durable', 'Nuker']",/apps/dota2/images/dota_react/heroes/beastmaster.png?,/apps/dota2/images/dota_react/heroes/icons/beastmaster.png?,200,0.25,75,0.0,0.0,25,31,35,23,18,16,2.9,1.6,1.9,150,0,1.7,305,,True,2,38,46898,20513,318,80.0,129.0,2591,1171,3791,1789,4287,2067,3595,1784,2559,1319,1512,809,969,552,654,363,220679,0
39,npc_dota_hero_queenofpain,Queen of Pain,int,Ranged,"['Carry', 'Nuker', 'Escape']",/apps/dota2/images/dota_react/heroes/queenofpain.png?,/apps/dota2/images/dota_react/heroes/icons/queenofpain.png?,200,0.25,75,0.0,0.0,25,24,30,18,22,25,2.4,2.5,3.4,550,1500,1.5,290,,True,2,39,227534,104601,367,105.0,213.0,17096,7900,28131,12928,33008,15429,27984,13193,17009,8139,7809,3744,3938,1903,1446,680,1888600,0
40,npc_dota_hero_venomancer,Venomancer,agi,Ranged,"['Support', 'Nuker', 'Initiator', 'Pusher', 'Disabler']",/apps/dota2/images/dota_react/heroes/venomancer.png?,/apps/dota2/images/dota_react/heroes/icons/venomancer.png?,200,0.25,75,0.0,0.0,25,22,25,19,24,19,2.1,2.8,1.8,450,900,1.7,280,,True,0,40,341872,179440,70,20.0,35.0,19964,10359,31593,16703,33889,17918,25907,13664,14436,7634,6281,3371,2999,1578,864,453,1292616,0
41,npc_dota_hero_faceless_void,Faceless Void,agi,Melee,"['Carry', 'Initiator', 'Disabler', 'Escape', 'Durable']",/apps/dota2/images/dota_react/heroes/faceless_void.png?,/apps/dota2/images/dota_react/heroes/icons/faceless_void.png?,200,1.0,75,0.0,1.0,25,37,43,20,19,15,2.4,3.0,1.5,150,900,1.7,300,0.9,True,2,41,368283,180909,265,60.0,117.0,26941,12585,39459,18447,39432,18727,30053,14378,16375,7905,7496,3718,3708,1863,1600,775,1751285,0
42,npc_dota_hero_skeleton_king,Wraith King,str,Melee,"['Carry', 'Support', 'Durable', 'Disabler', 'Initiator']",/apps/dota2/images/dota_react/heroes/skeleton_king.png?,/apps/dota2/images/dota_react/heroes/icons/skeleton_king.png?,200,0.25,75,0.0,-1.0,25,38,40,22,16,18,3.0,1.7,1.6,150,0,1.7,315,,True,2,42,429725,239951,260,94.0,179.0,31952,16973,43473,22973,41614,21564,31582,16328,17321,8883,8169,4257,4156,2171,1546,787,2180774,0
43,npc_dota_hero_death_prophet,Death Prophet,int,Ranged,"['Carry', 'Pusher', 'Nuker', 'Disabler']",/apps/dota2/images/dota_react/heroes/death_prophet.png?,/apps/dota2/images/dota_react/heroes/icons/death_prophet.png?,200,0.25,75,0.5,1.0,25,23,33,21,14,24,3.1,1.8,3.3,600,1000,1.7,325,0.8,True,2,43,123616,59496,808,225.0,444.0,12486,5987,16498,8039,17835,8631,14969,7502,9440,4694,5033,2473,3240,1607,1799,938,669355,0
44,npc_dota_hero_phantom_assassin,Phantom Assassin,agi,Melee,"['Carry', 'Escape']",/apps/dota2/images/dota_react/heroes/phantom_assassin.png?,/apps/dota2/images/dota_react/heroes/icons/phantom_assassin.png?,200,0.75,75,0.0,1.0,25,32,34,21,23,15,2.2,3.4,1.4,150,900,1.7,305,,True,2,44,779213,417090,337,74.0,167.0,52664,26708,67918,33657,64692,31444,46858,22778,24831,11941,10792,5151,5063,2392,1833,882,2922749,0
45,npc_dota_hero_pugna,Pugna,int,Ranged,"['Nuker', 'Pusher']",/apps/dota2/images/dota_react/heroes/pugna.png?,/apps/dota2/images/dota_react/heroes/icons/pugna.png?,200,0.25,75,0.5,0.0,25,21,28,19,24,24,2.0,1.3,5.2,630,900,1.7,330,,True,2,45,252998,122258,821,266.0,486.0,17630,8496,26101,13072,29901,15136,26417,13656,17038,8996,8774,4600,5082,2682,2980,1594,958834,0
46,npc_dota_hero_templar_assassin,Templar Assassin,agi,Ranged,"['Carry', 'Escape']",/apps/dota2/images/dota_react/heroes/templar_assassin.png?,/apps/dota2/images/dota_react/heroes/icons/templar_assassin.png?,200,0.25,75,0.0,0.0,25,30,36,21,23,20,2.4,3.2,2.0,160,900,1.7,305,0.7,True,2,46,235698,112280,663,168.0,307.0,23301,10652,26416,12341,26654,12718,21766,10621,13852,6792,7418,3765,4424,2179,2633,1361,1135186,0
47,npc_dota_hero_viper,Viper,agi,Ranged,"['Carry', 'Durable', 'Initiator', 'Disabler']",/apps/dota2/images/dota_react/heroes/viper.png?,/apps/dota2/images/dota_react/heroes/icons/viper.png?,200,0.25,75,0.0,-2.0,25,27,29,21,21,17,2.4,2.7,2.0,575,1200,1.7,275,,True,0,47,455903,222372,390,70.0,139.0,31208,15138,37655,18480,35706,17693,25334,12593,13164,6512,5733,2881,2821,1405,1244,656,1520664,0
48,npc_dota_hero_luna,Luna,agi,Ranged,"['Carry', 'Nuker', 'Pusher']",/apps/dota2/images/dota_react/heroes/luna.png?,/apps/dota2/images/dota_react/heroes/icons/luna.png?,200,0.5,75,0.0,2.0,25,26,32,21,24,23,2.2,3.4,1.9,330,900,1.7,325,,True,2,48,250892,127293,83,30.0,77.0,19974,9920,27747,13687,27804,13772,20358,9925,10965,5330,4609,2265,2004,991,700,338,1406382,0
49,npc_dota_hero_dragon_knight,Dragon Knight,str,Melee,"['Carry', 'Pusher', 'Durable', 'Disabler', 'Initiator', 'Nuker']",/apps/dota2/images/dota_react/heroes/dragon_knight.png?,/apps/dota2/images/dota_react/heroes/icons/dragon_knight.png?,200,0.25,75,0.0,0.0,25,32,38,21,19,18,3.4,2.0,1.7,150,900,1.7,310,,True,2,49,161287,80365,566,315.0,598.0,17123,8454,27159,13570,29852,15020,25249,12706,15835,7980,8045,4094,4576,2316,2494,1296,844888,0
50,npc_dota_hero_dazzle,Dazzle,int,Ranged,"['Support', 'Nuker', 'Disabler']",/apps/dota2/images/dota_react/heroes/dazzle.png?,/apps/dota2/images/dota_react/heroes/icons/dazzle.png?,200,0.25,75,0.0,0.0,25,22,28,18,20,25,2.3,1.7,3.7,575,1200,1.7,305,0.7,True,2,50,254614,135432,12,19.0,33.0,22856,11906,36607,19305,35711,18520,25308,13217,12806,6676,5261,2714,2257,1154,701,386,1681740,0
51,npc_dota_hero_rattletrap,Clockwerk,str,Melee,"['Initiator', 'Disabler', 'Durable', 'Nuker']",/apps/dota2/images/dota_react/heroes/rattletrap.png?,/apps/dota2/images/dota_react/heroes/icons/rattletrap.png?,200,0.25,75,0.0,1.0,25,24,26,26,13,18,3.5,2.3,1.5,150,900,1.7,310,,True,2,51,125180,63695,61,83.0,154.0,6464,3231,11997,5892,14353,7004,12211,5965,7185,3554,3418,1679,1598,793,807,407,639782,0
52,npc_dota_hero_leshrac,Leshrac,int,Ranged,"['Carry', 'Support', 'Nuker', 'Pusher', 'Disabler']",/apps/dota2/images/dota_react/heroes/leshrac.png?,/apps/dota2/images/dota_react/heroes/icons/leshrac.png?,200,0.25,75,0.0,0.0,25,25,29,20,23,22,2.5,2.8,3.5,575,900,1.7,325,,True,4,52,98255,47046,217,86.0,154.0,6246,2951,8547,3990,9216,4303,7673,3647,4983,2406,2649,1316,1679,846,1028,518,431530,0
53,npc_dota_hero_furion,Nature's Prophet,int,Ranged,"['Carry', 'Jungler', 'Pusher', 'Escape', 'Nuker']",/apps/dota2/images/dota_react/heroes/furion.png?,/apps/dota2/images/dota_react/heroes/icons/furion.png?,200,0.25,75,0.75,0.0,25,27,37,21,22,23,2.6,3.6,3.7,600,1125,1.7,295,0.9,True,2,53,367044,187243,257,93.0,175.0,24579,11173,30272,13124,27897,12136,21525,9477,12663,5504,6166,2836,3268,1535,1824,862,931562,0
54,npc_dota_hero_life_stealer,Lifestealer,str,Melee,"['Carry', 'Durable', 'Jungler', 'Escape', 'Disabler']",/apps/dota2/images/dota_react/heroes/life_stealer.png?,/apps/dota2/images/dota_react/heroes/icons/life_stealer.png?,200,0.25,75,0.0,1.0,25,22,28,25,19,15,2.4,2.6,1.8,150,900,1.7,320,0.9,True,2,54,300705,156907,349,50.0,108.0,21225,10542,29997,15035,30330,15330,23600,11919,13020,6510,5975,2875,2771,1338,829,394,1368207,0
55,npc_dota_hero_dark_seer,Dark Seer,int,Melee,"['Initiator', 'Jungler', 'Escape', 'Disabler']",/apps/dota2/images/dota_react/heroes/dark_seer.png?,/apps/dota2/images/dota_react/heroes/icons/dark_seer.png?,200,0.25,75,0.0,2.0,25,33,39,22,18,21,2.6,1.8,2.7,150,900,1.7,295,,True,2,55,104382,54531,68,28.0,44.0,4721,2325,6918,3468,7229,3610,5742,2856,3440,1669,1611,825,840,418,282,129,398531,0
56,npc_dota_hero_clinkz,Clinkz,agi,Ranged,"['Carry', 'Escape', 'Pusher']",/apps/dota2/images/dota_react/heroes/clinkz.png?,/apps/dota2/images/dota_react/heroes/icons/clinkz.png?,200,0.25,75,0.0,0.0,25,15,21,16,22,18,2.0,2.5,2.2,600,900,1.7,290,,True,2,56,174055,87249,43,30.0,67.0,10650,5209,14843,7511,16104,8374,13858,7214,8786,4642,3998,2026,1987,1008,645,306,588488,0
57,npc_dota_hero_omniknight,Omniknight,str,Melee,"['Support', 'Durable', 'Nuker']",/apps/dota2/images/dota_react/heroes/omniknight.png?,/apps/dota2/images/dota_react/heroes/icons/omniknight.png?,200,0.25,75,0.0,2.0,25,31,41,23,15,16,3.1,2.0,2.1,150,900,1.7,315,,True,2,57,89401,46985,57,34.0,75.0,6018,3029,9599,4954,11284,6014,9958,5371,6710,3718,3781,2094,2493,1399,1230,696,549051,0
58,npc_dota_hero_enchantress,Enchantress,int,Ranged,"['Support', 'Jungler', 'Pusher', 'Durable', 'Disabler']",/apps/dota2/images/dota_react/heroes/enchantress.png?,/apps/dota2/images/dota_react/heroes/icons/enchantress.png?,200,0.25,75,0.0,1.0,25,23,33,17,19,22,1.7,2.1,3.8,575,900,1.7,320,,True,4,58,219473,114241,385,141.0,266.0,18098,8987,18272,8997,15785,7657,11643,5655,7027,3360,3770,1774,2259,1063,1740,846,579625,0
59,npc_dota_hero_huskar,Huskar,str,Ranged,"['Carry', 'Durable', 'Initiator']",/apps/dota2/images/dota_react/heroes/huskar.png?,/apps/dota2/images/dota_react/heroes/icons/huskar.png?,200,0.25,75,0.0,-1.0,25,21,26,20,10,18,3.3,1.5,1.5,400,1400,1.6,295,,True,2,59,323323,169923,224,37.0,82.0,30231,15493,34991,18368,32773,17443,24808,13358,14462,7762,6930,3769,3928,2152,1739,896,1455619,0
60,npc_dota_hero_night_stalker,Night Stalker,str,Melee,"['Carry', 'Initiator', 'Durable', 'Disabler', 'Nuker']",/apps/dota2/images/dota_react/heroes/night_stalker.png?,/apps/dota2/images/dota_react/heroes/icons/night_stalker.png?,200,2.0,75,0.0,2.0,25,40,44,23,18,15,3.0,2.2,1.6,150,900,1.7,295,,True,2,60,102078,50838,190,50.0,111.0,9496,4793,16944,8718,20590,11004,18083,9751,10947,5967,5521,2972,3073,1634,1320,674,892754,0
61,npc_dota_hero_broodmother,Broodmother,agi,Melee,"['Carry', 'Pusher', 'Escape', 'Nuker']",/apps/dota2/images/dota_react/heroes/broodmother.png?,/apps/dota2/images/dota_react/heroes/icons/broodmother.png?,200,0.25,75,0.0,0.0,25,29,35,18,19,18,3.2,3.4,2.0,150,900,1.7,280,,True,8,61,57371,23224,28,5.0,14.0,3341,1357,3134,1299,2645,1125,1873,900,1080,515,636,342,462,238,279,138,191137,0
62,npc_dota_hero_bounty_hunter,Bounty Hunter,agi,Melee,"['Escape', 'Nuker']",/apps/dota2/images/dota_react/heroes/bounty_hunter.png?,/apps/dota2/images/dota_react/heroes/icons/bounty_hunter.png?,200,1.25,75,0.5,4.0,25,30,38,20,21,22,2.5,2.6,1.9,150,900,1.7,325,,True,2,62,447724,223092,10,9.0,21.0,24757,12239,33884,17022,34428,17410,26899,13498,14940,7601,6435,3234,2992,1470,1094,545,1502095,0
63,npc_dota_hero_weaver,Weaver,agi,Ranged,"['Carry', 'Escape']",/apps/dota2/images/dota_react/heroes/weaver.png?,/apps/dota2/images/dota_react/heroes/icons/weaver.png?,200,1.25,75,0.5,0.0,25,37,43,16,17,20,2.0,3.1,2.0,425,900,1.8,275,,True,4,63,336050,171197,112,52.0,102.0,22896,11217,28778,14163,27584,13607,20990,10463,11584,5664,5487,2784,2786,1385,1097,518,1633403,0
64,npc_dota_hero_jakiro,Jakiro,int,Ranged,"['Support', 'Nuker', 'Pusher', 'Disabler']",/apps/dota2/images/dota_react/heroes/jakiro.png?,/apps/dota2/images/dota_react/heroes/icons/jakiro.png?,200,0.25,75,0.0,1.0,25,27,35,25,15,26,2.8,1.2,3.0,400,1100,1.7,290,,True,2,64,356683,190711,48,95.0,237.0,28703,15503,47279,25325,53020,28307,43101,22472,24862,12935,11572,5971,5568,2838,1840,915,2221058,0
65,npc_dota_hero_batrider,Batrider,int,Ranged,"['Initiator', 'Jungler', 'Disabler', 'Escape']",/apps/dota2/images/dota_react/heroes/batrider.png?,/apps/dota2/images/dota_react/heroes/icons/batrider.png?,200,1.75,75,0.0,2.0,25,17,21,28,15,22,2.9,1.8,2.9,400,900,1.7,310,0.9,True,2,65,66229,27669,381,41.0,86.0,4073,1753,5645,2386,6127,2658,5473,2504,3526,1683,2147,1071,1446,736,1144,598,363503,0
66,npc_dota_hero_chen,Chen,int,Ranged,"['Support', 'Jungler', 'Pusher']",/apps/dota2/images/dota_react/heroes/chen.png?,/apps/dota2/images/dota_react/heroes/icons/chen.png?,200,0.25,75,0.5,-1.0,25,27,37,25,15,19,2.0,2.1,3.2,650,1100,1.7,300,,True,2,66,48534,22026,42,18.0,33.0,2421,1133,2862,1410,2858,1395,2489,1272,1778,914,1049,589,777,429,496,284,140200,0
67,npc_dota_hero_spectre,Spectre,agi,Melee,"['Carry', 'Durable', 'Escape']",/apps/dota2/images/dota_react/heroes/spectre.png?,/apps/dota2/images/dota_react/heroes/icons/spectre.png?,200,1.5,75,0.0,1.0,25,23,27,23,23,16,2.5,2.1,1.9,150,900,1.7,290,,True,0,67,244845,142323,38,20.0,45.0,15704,8647,25476,13364,26189,13537,18514,9365,9188,4597,3559,1849,1411,684,406,199,1074364,0
68,npc_dota_hero_ancient_apparition,Ancient Apparition,int,Ranged,"['Support', 'Disabler', 'Nuker']",/apps/dota2/images/dota_react/heroes/ancient_apparition.png?,/apps/dota2/images/dota_react/heroes/icons/ancient_apparition.png?,200,0.25,75,0.0,-1.0,25,21,31,20,20,23,1.9,2.2,3.4,675,1250,1.7,285,,True,0,68,287067,146646,84,25.0,68.0,14527,7439,25296,12879,27498,14173,21823,11261,11987,6109,5421,2713,2350,1187,799,379,1137038,0
69,npc_dota_hero_doom_bringer,Doom,str,Melee,"['Carry', 'Disabler', 'Initiator', 'Durable', 'Nuker']",/apps/dota2/images/dota_react/heroes/doom_bringer.png?,/apps/dota2/images/dota_react/heroes/icons/doom_bringer.png?,200,0.25,75,0.0,3.0,25,34,44,24,11,15,3.7,0.9,1.7,200,900,1.9,285,,True,2,69,95620,43107,98,64.0,130.0,7798,3474,12831,5805,14671,6662,12683,5848,8078,3699,3980,1870,2321,1068,1168,552,680304,0
70,npc_dota_hero_ursa,Ursa,agi,Melee,"['Carry', 'Jungler', 'Durable', 'Disabler']",/apps/dota2/images/dota_react/heroes/ursa.png?,/apps/dota2/images/dota_react/heroes/icons/ursa.png?,200,0.5,75,0.0,1.0,25,24,28,25,18,16,2.6,2.6,1.5,150,900,1.7,310,,True,2,70,282697,148674,285,62.0,135.0,19610,9665,28595,14486,30798,15779,25135,12681,15240,7864,7345,3776,3860,2012,1619,874,1502606,0
71,npc_dota_hero_spirit_breaker,Spirit Breaker,str,Melee,"['Carry', 'Initiator', 'Disabler', 'Durable', 'Escape']",/apps/dota2/images/dota_react/heroes/spirit_breaker.png?,/apps/dota2/images/dota_react/heroes/icons/spirit_breaker.png?,200,1.25,75,0.0,2.0,25,31,41,28,17,14,3.0,1.7,1.8,150,900,1.9,295,,True,2,71,462960,225780,29,28.0,56.0,26419,12870,35401,17167,35019,16999,26798,12972,14519,6927,6050,2916,2642,1275,944,452,2356720,0
72,npc_dota_hero_gyrocopter,Gyrocopter,agi,Ranged,"['Carry', 'Nuker', 'Disabler']",/apps/dota2/images/dota_react/heroes/gyrocopter.png?,/apps/dota2/images/dota_react/heroes/icons/gyrocopter.png?,200,0.25,75,0.0,2.0,25,16,22,22,26,21,2.5,3.3,2.4,365,3000,1.7,315,,True,2,72,176116,84803,91,70.0,123.0,11527,5511,21325,10328,27277,13439,24513,12390,14156,7060,6443,3170,2977,1485,1009,483,865437,0
73,npc_dota_hero_alchemist,Alchemist,str,Melee,"['Carry', 'Support', 'Durable', 'Disabler', 'Initiator', 'Nuker']",/apps/dota2/images/dota_react/heroes/alchemist.png?,/apps/dota2/images/dota_react/heroes/icons/alchemist.png?,200,0.25,75,0.0,-1.0,25,27,33,25,22,25,2.9,1.5,1.8,150,900,1.7,305,,True,2,73,116548,54445,9,8.0,22.0,10824,5068,15116,7489,14638,7226,10595,5422,5608,2859,2606,1319,1300,655,436,220,579235,0
74,npc_dota_hero_invoker,Invoker,int,Ranged,"['Carry', 'Nuker', 'Disabler', 'Escape', 'Pusher']",/apps/dota2/images/dota_react/heroes/invoker.png?,/apps/dota2/images/dota_react/heroes/icons/invoker.png?,200,0.25,75,0.0,0.0,25,29,35,18,14,15,2.4,1.9,4.6,600,900,1.7,285,,True,2,74,765012,366586,557,86.0,180.0,35033,16414,54731,26170,60914,29477,48806,23835,27777,13614,12908,6210,6280,3205,2115,1048,2579855,0
75,npc_dota_hero_silencer,Silencer,int,Ranged,"['Carry', 'Support', 'Disabler', 'Initiator', 'Nuker']",/apps/dota2/images/dota_react/heroes/silencer.png?,/apps/dota2/images/dota_react/heroes/icons/silencer.png?,200,0.25,75,0.0,-1.0,25,18,32,19,22,25,2.4,2.4,2.9,600,900,1.7,290,,True,2,75,530823,284152,23,14.0,34.0,41167,22826,61819,33506,60263,31990,43774,22932,22657,11675,9226,4577,3945,1981,1060,514,2322339,0
76,npc_dota_hero_obsidian_destroyer,Outworld Devourer,int,Ranged,"['Carry', 'Nuker', 'Disabler']",/apps/dota2/images/dota_react/heroes/obsidian_destroyer.png?,/apps/dota2/images/dota_react/heroes/icons/obsidian_destroyer.png?,200,1.0,75,0.0,2.5,25,19,31,21,22,30,2.9,1.6,4.2,450,900,1.9,320,,True,4,76,193279,95383,185,31.0,60.0,15537,7578,24314,12294,28255,14496,23647,12098,13452,6854,6178,3130,2850,1373,707,355,1722332,0
77,npc_dota_hero_lycan,Lycan,str,Melee,"['Carry', 'Pusher', 'Jungler', 'Durable', 'Escape']",/apps/dota2/images/dota_react/heroes/lycan.png?,/apps/dota2/images/dota_react/heroes/icons/lycan.png?,200,0.25,75,0.0,0.0,25,24,29,26,16,23,3.4,1.7,1.7,150,900,1.7,315,,True,2,77,54564,25487,60,12.0,28.0,3046,1401,3613,1664,3200,1498,2363,1132,1493,754,716,357,442,223,312,175,175671,0
78,npc_dota_hero_brewmaster,Brewmaster,str,Melee,"['Carry', 'Initiator', 'Durable', 'Disabler', 'Nuker']",/apps/dota2/images/dota_react/heroes/brewmaster.png?,/apps/dota2/images/dota_react/heroes/icons/brewmaster.png?,200,0.5,75,0.0,-1.0,25,29,36,23,19,15,3.7,2.0,1.6,150,900,1.7,310,,True,2,78,54579,25617,90,35.0,70.0,3199,1566,4784,2359,5761,2911,5482,2714,3816,2061,2173,1139,1236,634,689,367,299106,0
79,npc_dota_hero_shadow_demon,Shadow Demon,int,Ranged,"['Support', 'Disabler', 'Initiator', 'Nuker']",/apps/dota2/images/dota_react/heroes/shadow_demon.png?,/apps/dota2/images/dota_react/heroes/icons/shadow_demon.png?,200,0.25,75,0.0,0.0,25,29,33,23,18,22,2.6,2.2,3.6,500,900,1.7,290,,True,2,79,86487,38856,150,94.0,189.0,4564,2061,7447,3475,8917,4224,7946,3880,5039,2486,2531,1244,1420,696,612,322,409404,0
80,npc_dota_hero_lone_druid,Lone Druid,agi,Ranged,"['Carry', 'Pusher', 'Jungler', 'Durable']",/apps/dota2/images/dota_react/heroes/lone_druid.png?,/apps/dota2/images/dota_react/heroes/icons/lone_druid.png?,200,0.25,75,0.0,-2.0,25,18,22,18,20,13,2.5,2.8,1.4,550,900,1.6,325,,True,2,80,93505,45212,159,21.0,35.0,7091,3614,9632,5088,9445,5080,7667,4070,4797,2652,2489,1397,1496,838,613,345,383937,0
81,npc_dota_hero_chaos_knight,Chaos Knight,str,Melee,"['Carry', 'Disabler', 'Durable', 'Pusher', 'Initiator']",/apps/dota2/images/dota_react/heroes/chaos_knight.png?,/apps/dota2/images/dota_react/heroes/icons/chaos_knight.png?,200,0.25,75,0.0,2.0,25,29,59,22,18,18,3.2,1.4,1.2,150,900,1.7,325,,True,2,81,278681,150256,697,264.0,513.0,29412,15729,39467,21063,39380,20818,31734,16828,19539,10506,10020,5253,5833,3116,3202,1702,1171068,0
82,npc_dota_hero_meepo,Meepo,agi,Melee,"['Carry', 'Escape', 'Nuker', 'Disabler', 'Initiator', 'Pusher']",/apps/dota2/images/dota_react/heroes/meepo.png?,/apps/dota2/images/dota_react/heroes/icons/meepo.png?,200,0.25,75,0.0,4.0,25,29,35,24,17,20,2.2,2.2,1.9,150,900,1.7,330,0.7,True,2,82,126029,61922,31,4.0,8.0,8591,4579,7132,3764,6064,3264,4127,2248,2575,1378,1213,680,569,283,237,124,272884,0
83,npc_dota_hero_treant,Treant Protector,str,Melee,"['Support', 'Initiator', 'Durable', 'Disabler', 'Escape']",/apps/dota2/images/dota_react/heroes/treant.png?,/apps/dota2/images/dota_react/heroes/icons/treant.png?,200,0.25,75,0.5,-1.0,25,62,70,25,15,20,3.4,2.0,1.8,150,900,1.9,285,,True,2,83,154087,76448,91,74.0,123.0,12453,6337,19313,9971,19945,10290,15904,8161,9187,4745,4394,2285,2500,1279,1218,616,998955,0
84,npc_dota_hero_ogre_magi,Ogre Magi,int,Melee,"['Support', 'Nuker', 'Disabler', 'Durable', 'Initiator']",/apps/dota2/images/dota_react/heroes/ogre_magi.png?,/apps/dota2/images/dota_react/heroes/icons/ogre_magi.png?,200,3.25,75,0.0,5.0,25,34,40,23,14,15,3.3,1.5,2.5,150,900,1.7,290,,True,2,84,785151,404277,134,93.0,181.0,48267,25161,70444,36521,69470,35806,50912,26191,26701,13756,11370,5782,5282,2685,1653,801,3125716,0
85,npc_dota_hero_undying,Undying,str,Melee,"['Support', 'Durable', 'Disabler', 'Nuker']",/apps/dota2/images/dota_react/heroes/undying.png?,/apps/dota2/images/dota_react/heroes/icons/undying.png?,200,0.25,75,0.25,1.0,25,35,43,22,10,27,2.8,1.2,2.8,150,900,1.7,300,,True,2,85,342438,190044,233,126.0,260.0,30496,16463,41463,22065,37868,19865,26811,13980,14288,7366,6927,3612,3797,1904,1567,818,1357639,0
86,npc_dota_hero_rubick,Rubick,int,Ranged,"['Support', 'Disabler', 'Nuker']",/apps/dota2/images/dota_react/heroes/rubick.png?,/apps/dota2/images/dota_react/heroes/icons/rubick.png?,200,0.25,75,0.5,0.0,25,24,30,21,23,25,2.0,2.5,3.1,550,1125,1.7,290,0.7,True,2,86,580543,263632,73,137.0,283.0,25580,11695,44609,20234,55027,25407,48014,22254,29199,13780,14072,6665,7141,3447,2742,1298,2349430,0
87,npc_dota_hero_disruptor,Disruptor,int,Ranged,"['Support', 'Disabler', 'Nuker', 'Initiator']",/apps/dota2/images/dota_react/heroes/disruptor.png?,/apps/dota2/images/dota_react/heroes/icons/disruptor.png?,200,0.25,75,0.0,0.0,25,29,33,21,15,20,2.4,1.4,2.9,625,1200,1.7,295,,True,2,87,169944,83182,20,51.0,124.0,14797,7203,26174,13005,29465,14503,23924,11679,13526,6651,6021,2829,2941,1377,975,467,1428931,0
88,npc_dota_hero_nyx_assassin,Nyx Assassin,agi,Melee,"['Disabler', 'Nuker', 'Initiator', 'Escape']",/apps/dota2/images/dota_react/heroes/nyx_assassin.png?,/apps/dota2/images/dota_react/heroes/icons/nyx_assassin.png?,200,2.0,75,0.0,1.0,25,27,31,17,18,21,2.5,2.5,2.1,150,900,1.7,310,,True,6,88,178822,85696,194,83.0,186.0,8002,3870,12375,5977,13913,6871,12099,6136,7258,3644,3549,1869,1759,918,774,411,685277,0
89,npc_dota_hero_naga_siren,Naga Siren,agi,Melee,"['Carry', 'Support', 'Pusher', 'Disabler', 'Initiator', 'Escape']",/apps/dota2/images/dota_react/heroes/naga_siren.png?,/apps/dota2/images/dota_react/heroes/icons/naga_siren.png?,200,1.5,75,0.0,3.0,25,23,25,21,21,21,2.8,3.3,2.0,150,900,1.7,330,,True,0,89,98048,50734,124,22.0,44.0,7822,4113,8443,4322,7176,3616,5144,2550,3029,1503,1492,796,884,463,485,240,410096,0
90,npc_dota_hero_keeper_of_the_light,Keeper of the Light,int,Ranged,"['Support', 'Nuker', 'Disabler', 'Jungler']",/apps/dota2/images/dota_react/heroes/keeper_of_the_light.png?,/apps/dota2/images/dota_react/heroes/icons/keeper_of_the_light.png?,200,0.25,75,0.0,0.0,25,18,25,18,15,23,2.3,1.6,3.2,600,900,1.7,330,,True,2,90,193627,89391,1240,250.0,460.0,15924,7656,25845,12696,30909,15402,27416,13687,17691,9023,9216,4807,5407,2809,3267,1771,744891,0
91,npc_dota_hero_wisp,Io,str,Ranged,"['Support', 'Escape', 'Nuker']",/apps/dota2/images/dota_react/heroes/wisp.png?,/apps/dota2/images/dota_react/heroes/icons/wisp.png?,200,0.25,75,0.0,1.0,25,28,34,17,14,23,3.0,1.6,1.7,500,1200,1.7,320,0.7,True,0,91,146743,71295,555,154.0,289.0,8672,4094,11289,5452,11642,5759,9368,4697,6197,3127,3358,1655,2186,1144,1365,705,590028,0
92,npc_dota_hero_visage,Visage,int,Ranged,"['Support', 'Nuker', 'Durable', 'Disabler', 'Pusher']",/apps/dota2/images/dota_react/heroes/visage.png?,/apps/dota2/images/dota_react/heroes/icons/visage.png?,200,0.25,75,0.0,-1.0,25,23,33,22,11,22,2.8,1.3,2.9,600,1400,1.7,285,,True,2,92,70698,34609,139,58.0,102.0,4182,2069,5476,2808,5829,3055,5845,3164,4548,2517,2952,1657,2134,1172,1358,796,217996,0
93,npc_dota_hero_slark,Slark,agi,Melee,"['Carry', 'Escape', 'Disabler', 'Nuker']",/apps/dota2/images/dota_react/heroes/slark.png?,/apps/dota2/images/dota_react/heroes/icons/slark.png?,200,1.75,75,0.0,0.0,25,32,40,20,21,16,1.9,1.7,1.7,150,0,1.7,300,0.7,True,2,93,375541,193801,45,31.0,42.0,27046,13269,41877,20245,41600,20051,30494,14584,16195,7706,6498,3101,2767,1367,701,350,1912674,0
94,npc_dota_hero_medusa,Medusa,agi,Ranged,"['Carry', 'Disabler', 'Durable']",/apps/dota2/images/dota_react/heroes/medusa.png?,/apps/dota2/images/dota_react/heroes/icons/medusa.png?,200,0.25,75,0.0,-1.0,25,26,32,17,22,23,1.5,3.4,3.4,600,1200,1.7,275,,True,0,94,250383,132164,1107,179.0,354.0,27166,14126,41730,21534,42545,21670,32446,16466,18147,9062,8643,4239,4954,2482,2555,1258,1541368,0
95,npc_dota_hero_troll_warlord,Troll Warlord,agi,Ranged,"['Carry', 'Pusher', 'Disabler', 'Durable']",/apps/dota2/images/dota_react/heroes/troll_warlord.png?,/apps/dota2/images/dota_react/heroes/icons/troll_warlord.png?,200,0.25,75,0.0,-1.0,25,27,35,21,21,13,2.5,3.3,1.0,500,1200,1.7,290,,True,2,95,227008,121114,68,25.0,55.0,16314,8364,15952,7966,13289,6512,8829,4259,4654,2226,1984,994,970,465,306,136,689926,0
96,npc_dota_hero_centaur,Centaur Warrunner,str,Melee,"['Durable', 'Initiator', 'Disabler', 'Nuker', 'Escape']",/apps/dota2/images/dota_react/heroes/centaur.png?,/apps/dota2/images/dota_react/heroes/icons/centaur.png?,200,0.25,75,0.0,1.0,25,36,38,27,15,15,4.0,1.0,1.6,150,900,1.7,300,,True,4,96,129502,70996,16,7.0,29.0,11670,6252,18317,9621,18360,9560,12678,6503,6646,3408,2778,1419,1188,602,335,143,811139,0
97,npc_dota_hero_magnataur,Magnus,str,Melee,"['Initiator', 'Disabler', 'Nuker', 'Escape']",/apps/dota2/images/dota_react/heroes/magnataur.png?,/apps/dota2/images/dota_react/heroes/icons/magnataur.png?,200,0.5,75,0.0,1.0,25,32,40,25,15,19,3.5,2.5,2.1,150,900,1.8,305,0.8,True,4,97,167627,76014,119,32.0,65.0,8710,4028,19291,8921,26773,12625,23923,11490,14148,6828,6647,3241,3058,1499,1010,523,1261683,0
98,npc_dota_hero_shredder,Timbersaw,str,Melee,"['Nuker', 'Durable', 'Escape']",/apps/dota2/images/dota_react/heroes/shredder.png?,/apps/dota2/images/dota_react/heroes/icons/shredder.png?,200,0.25,75,0.5,0.0,25,27,31,24,16,23,3.2,1.6,2.7,150,900,1.7,290,,True,2,98,124019,57813,386,97.0,192.0,10266,4768,15870,7301,16921,7808,13584,6193,8300,3708,4133,1880,2294,1013,1233,552,784793,0
99,npc_dota_hero_bristleback,Bristleback,str,Melee,"['Carry', 'Durable', 'Initiator', 'Nuker']",/apps/dota2/images/dota_react/heroes/bristleback.png?,/apps/dota2/images/dota_react/heroes/icons/bristleback.png?,200,0.25,75,0.25,1.0,25,30,36,22,17,14,2.5,1.8,2.8,150,900,1.8,295,0.9,True,2,99,401745,214813,25,10.0,31.0,34610,17526,39532,19151,32694,15601,20303,9536,8932,4165,3334,1568,1321,599,369,184,1643999,0
100,npc_dota_hero_tusk,Tusk,str,Melee,"['Initiator', 'Disabler', 'Nuker']",/apps/dota2/images/dota_react/heroes/tusk.png?,/apps/dota2/images/dota_react/heroes/icons/tusk.png?,200,0.75,75,0.0,1.0,25,27,31,23,23,18,3.9,2.1,1.7,150,900,1.7,310,0.7,True,2,100,242926,114442,95,108.0,224.0,10950,5048,18386,8561,21705,10299,19672,9378,12202,5802,5935,2773,3057,1429,1332,667,884648,0
101,npc_dota_hero_skywrath_mage,Skywrath Mage,int,Ranged,"['Support', 'Nuker', 'Disabler']",/apps/dota2/images/dota_react/heroes/skywrath_mage.png?,/apps/dota2/images/dota_react/heroes/icons/skywrath_mage.png?,200,0.25,75,0.0,-2.0,25,16,26,21,13,25,2.0,0.8,4.1,625,1000,1.7,325,,True,2,101,555125,285542,216,218.0,407.0,38370,20310,51031,26905,48702,25421,37353,19519,21628,11367,10604,5529,5922,3124,2730,1396,1901723,0
102,npc_dota_hero_abaddon,Abaddon,str,Melee,"['Support', 'Carry', 'Durable']",/apps/dota2/images/dota_react/heroes/abaddon.png?,/apps/dota2/images/dota_react/heroes/icons/abaddon.png?,200,1.0,75,0.25,-1.0,25,28,38,22,23,18,2.6,1.5,2.0,150,900,1.7,325,0.6,True,2,102,141633,74037,164,80.0,178.0,8617,4339,13273,6727,14364,7209,11766,6015,6809,3438,3380,1705,1684,878,677,356,681659,0
103,npc_dota_hero_elder_titan,Elder Titan,str,Melee,"['Initiator', 'Disabler', 'Nuker', 'Durable']",/apps/dota2/images/dota_react/heroes/elder_titan.png?,/apps/dota2/images/dota_react/heroes/icons/elder_titan.png?,200,0.25,75,0.25,0.0,25,23,33,26,14,23,3.0,1.8,1.6,150,900,1.7,310,,True,2,103,70190,34375,6,6.0,11.0,3372,1609,4126,1971,4233,2045,3125,1567,1789,887,836,426,530,268,225,130,254686,0
104,npc_dota_hero_legion_commander,Legion Commander,str,Melee,"['Carry', 'Disabler', 'Initiator', 'Durable', 'Nuker']",/apps/dota2/images/dota_react/heroes/legion_commander.png?,/apps/dota2/images/dota_react/heroes/icons/legion_commander.png?,200,0.25,75,0.0,0.0,25,35,39,25,18,20,3.3,1.7,2.2,150,900,1.7,330,,True,2,104,374950,176772,120,37.0,75.0,37192,18389,50263,24858,47825,23578,34687,17032,18429,8993,7976,3949,3661,1739,1163,575,2319844,0
105,npc_dota_hero_techies,Techies,int,Ranged,"['Nuker', 'Disabler']",/apps/dota2/images/dota_react/heroes/techies.png?,/apps/dota2/images/dota_react/heroes/icons/techies.png?,200,0.25,75,1.0,3.0,25,21,23,19,14,25,2.5,1.3,3.0,700,900,1.7,300,,True,6,105,321071,148385,46,29.0,54.0,20452,10032,28080,13827,30276,14683,25833,12151,15185,7140,6956,3264,3220,1511,1055,480,1584598,0
106,npc_dota_hero_ember_spirit,Ember Spirit,agi,Melee,"['Carry', 'Escape', 'Nuker', 'Disabler', 'Initiator']",/apps/dota2/images/dota_react/heroes/ember_spirit.png?,/apps/dota2/images/dota_react/heroes/icons/ember_spirit.png?,200,0.75,75,0.0,-1.0,25,33,37,21,22,20,2.6,2.9,2.2,150,900,1.7,305,,True,2,106,235425,102543,537,171.0,360.0,14769,6351,25654,11351,31666,14192,27901,12573,17081,7849,8489,3901,4417,2034,2185,1069,1316092,0
107,npc_dota_hero_earth_spirit,Earth Spirit,str,Melee,"['Nuker', 'Escape', 'Disabler', 'Initiator', 'Durable']",/apps/dota2/images/dota_react/heroes/earth_spirit.png?,/apps/dota2/images/dota_react/heroes/icons/earth_spirit.png?,200,1.0,75,0.0,0.0,25,25,35,22,17,20,3.8,2.4,2.1,150,900,1.7,290,,True,2,107,123605,53316,58,67.0,135.0,6587,2956,10162,4699,12383,5870,11381,5478,7457,3605,3897,1916,2139,1084,1168,572,601559,0
108,npc_dota_hero_abyssal_underlord,Underlord,str,Melee,"['Support', 'Nuker', 'Disabler', 'Durable', 'Escape']",/apps/dota2/images/dota_react/heroes/abyssal_underlord.png?,/apps/dota2/images/dota_react/heroes/icons/abyssal_underlord.png?,200,0.25,75,0.0,3.0,25,37,43,25,12,17,3.0,1.6,2.3,200,900,1.7,290,,True,2,108,119329,63838,193,89.0,161.0,7693,4141,14031,7335,16673,8610,14420,7364,8793,4434,4234,2060,2154,1069,845,372,571428,0
109,npc_dota_hero_terrorblade,Terrorblade,agi,Melee,"['Carry', 'Pusher', 'Nuker']",/apps/dota2/images/dota_react/heroes/terrorblade.png?,/apps/dota2/images/dota_react/heroes/icons/terrorblade.png?,200,1.0,75,0.0,5.0,25,30,36,16,22,19,2.0,4.0,1.6,150,900,1.5,315,,True,2,109,112659,52746,397,76.0,161.0,8155,3729,9488,4238,9055,4063,7053,3148,4248,1947,2232,1028,1363,641,861,413,476916,0
110,npc_dota_hero_phoenix,Phoenix,str,Ranged,"['Support', 'Nuker', 'Initiator', 'Escape', 'Disabler']",/apps/dota2/images/dota_react/heroes/phoenix.png?,/apps/dota2/images/dota_react/heroes/icons/phoenix.png?,200,1.0,75,0.0,-1.0,25,26,36,23,12,16,3.6,1.5,1.8,525,1100,1.7,280,0.9,True,2,110,115083,53972,36,45.0,98.0,7327,3516,12225,5944,13641,6524,11378,5505,7148,3401,3721,1837,1992,959,829,388,535893,0
111,npc_dota_hero_oracle,Oracle,int,Ranged,"['Support', 'Nuker', 'Disabler', 'Escape']",/apps/dota2/images/dota_react/heroes/oracle.png?,/apps/dota2/images/dota_react/heroes/icons/oracle.png?,200,0.25,75,0.5,1.0,25,13,19,20,15,26,2.4,1.7,3.8,620,900,1.7,295,0.7,True,0,111,107534,49733,26,16.0,37.0,5155,2319,8899,4239,11274,5413,10175,5072,6618,3323,3307,1622,1701,854,626,318,461250,0
112,npc_dota_hero_winter_wyvern,Winter Wyvern,int,Ranged,"['Support', 'Disabler', 'Nuker']",/apps/dota2/images/dota_react/heroes/winter_wyvern.png?,/apps/dota2/images/dota_react/heroes/icons/winter_wyvern.png?,200,0.25,75,0.0,0.0,25,14,21,24,16,26,2.6,1.7,3.6,425,700,1.7,285,,True,2,112,155445,79352,77,45.0,115.0,10735,5350,16962,8537,17997,9246,14633,7468,9280,4811,4948,2619,2927,1550,1443,727,744682,0
113,npc_dota_hero_arc_warden,Arc Warden,agi,Ranged,"['Carry', 'Escape', 'Nuker']",/apps/dota2/images/dota_react/heroes/arc_warden.png?,/apps/dota2/images/dota_react/heroes/icons/arc_warden.png?,200,0.25,75,0.0,-1.0,25,27,37,22,20,24,2.6,3.0,2.6,625,900,1.7,285,0.7,True,2,113,189467,95909,5,9.0,12.0,12362,6271,13238,6995,12598,6896,10149,5682,6619,3693,3486,1937,1939,1052,543,287,543692,0
114,npc_dota_hero_monkey_king,Monkey King,agi,Melee,"['Carry', 'Escape', 'Disabler', 'Initiator']",/apps/dota2/images/dota_react/heroes/monkey_king.png?,/apps/dota2/images/dota_react/heroes/icons/monkey_king.png?,200,1.0,75,0.0,2.0,25,29,33,18,22,20,2.8,3.7,1.8,300,900,1.7,300,,True,2,114,327004,154479,464,104.0,212.0,24013,10924,31216,14135,32445,14533,26259,12054,15542,7071,7633,3492,3934,1824,1570,717,1604492,0
119,npc_dota_hero_dark_willow,Dark Willow,int,Ranged,"['Support', 'Nuker', 'Disabler', 'Escape']",/apps/dota2/images/dota_react/heroes/dark_willow.png?,/apps/dota2/images/dota_react/heroes/icons/dark_willow.png?,200,0.75,75,0.0,-1.0,25,27,35,20,18,21,2.0,1.6,3.5,475,1200,1.5,290,0.7,True,2,119,329134,166549,27,36.0,63.0,16120,7755,19866,9666,19155,9334,14554,7132,8229,3967,3667,1765,1829,898,646,308,1099055,0
120,npc_dota_hero_pangolier,Pangolier,agi,Melee,"['Carry', 'Nuker', 'Disabler', 'Durable', 'Escape', 'Initiator']",/apps/dota2/images/dota_react/heroes/pangolier.png?,/apps/dota2/images/dota_react/heroes/icons/pangolier.png?,200,0.25,75,0.0,1.0,25,33,39,17,18,16,2.5,3.2,1.9,150,900,1.7,300,0.9,True,2,120,178205,82858,699,258.0,519.0,8918,4170,16016,7451,22490,10632,23347,10983,16288,7845,9124,4460,5341,2660,2953,1445,763304,0
121,npc_dota_hero_grimstroke,Grimstroke,int,Ranged,"['Support', 'Nuker', 'Disabler', 'Escape']",/apps/dota2/images/dota_react/heroes/grimstroke.png?,/apps/dota2/images/dota_react/heroes/icons/grimstroke.png?,200,0.25,75,0.0,0.0,25,21,25,21,18,25,2.4,1.9,3.8,600,900,1.7,290,,True,0,121,227198,110166,396,324.0,700.0,19622,9544,31245,15449,36186,17923,30323,14798,18506,8928,9022,4351,4764,2244,2057,957,1526312,0
123,npc_dota_hero_hoodwink,Hoodwink,agi,Ranged,"['Support', 'Nuker', 'Escape', 'Disabler']",/apps/dota2/images/dota_react/heroes/hoodwink.png?,/apps/dota2/images/dota_react/heroes/icons/hoodwink.png?,200,0.25,75,0.0,0.0,25,22,29,17,24,21,2.0,3.6,2.9,575,1800,2.0,310,0.9,True,4,123,390351,195227,116,186.0,366.0,23536,11814,37103,18852,42204,21294,35965,18118,21388,10828,9793,4910,4858,2416,2158,1054,1689757,0
126,npc_dota_hero_void_spirit,Void Spirit,int,Melee,"['Carry', 'Escape', 'Nuker', 'Disabler']",/apps/dota2/images/dota_react/heroes/void_spirit.png?,/apps/dota2/images/dota_react/heroes/icons/void_spirit.png?,200,0.25,75,0.6,-1.0,25,30,34,22,19,24,2.6,2.2,3.1,200,900,1.7,295,0.7,True,2,126,320807,154326,323,85.0,206.0,16962,8171,23366,11745,27576,13676,25362,12953,16152,8045,8268,4081,4538,2247,2090,1025,1356674,0
128,npc_dota_hero_snapfire,Snapfire,str,Ranged,"['Support', 'Nuker', 'Disabler', 'Escape']",/apps/dota2/images/dota_react/heroes/snapfire.png?,/apps/dota2/images/dota_react/heroes/icons/snapfire.png?,200,0.75,75,0.0,1.0,25,26,32,20,16,21,3.5,1.9,2.2,500,1800,1.6,300,,True,2,128,266519,125739,121,151.0,326.0,14736,6956,24831,11687,29029,13609,24615,11289,14830,6931,7056,3234,3686,1660,1694,752,1244730,0
129,npc_dota_hero_mars,Mars,str,Melee,"['Carry', 'Initiator', 'Disabler', 'Durable']",/apps/dota2/images/dota_react/heroes/mars.png?,/apps/dota2/images/dota_react/heroes/icons/mars.png?,200,0.25,75,0.5,-1.0,25,29,37,23,20,21,3.7,1.7,2.2,250,900,1.8,310,0.8,True,2,129,205951,100743,715,325.0,723.0,17068,8110,29761,14245,36936,17840,34104,16555,22491,11057,11930,5857,6828,3333,3476,1656,1447804,0
135,npc_dota_hero_dawnbreaker,Dawnbreaker,str,Melee,"['Carry', 'Durable']",/apps/dota2/images/dota_react/heroes/dawnbreaker.png?,/apps/dota2/images/dota_react/heroes/icons/dawnbreaker.png?,200,0.25,75,0.0,2.0,25,31,35,26,14,20,3.6,1.7,2.2,150,900,1.7,310,0.6,True,2,135,104576,50335,42,35.0,76.0,6928,3439,10831,5361,12870,6536,11714,5972,7604,3880,4057,2137,2410,1307,1116,555,648493,0
136,npc_dota_hero_marci,Marci,str,Melee,"['Support', 'Carry', 'Initiator', 'Disabler', 'Escape']",/apps/dota2/images/dota_react/heroes/marci.png?,/apps/dota2/images/dota_react/heroes/icons/marci.png?,200,0.25,75,0.0,0.0,25,33,37,23,20,19,3.3,2.4,1.9,150,0,1.7,310,0.9,False,2,136,170711,82688,0,,,9961,4731,14734,7243,17831,8795,16012,7933,10428,5227,5710,2849,3462,1763,1752,917,1227751,0
137,npc_dota_hero_primal_beast,Primal Beast,str,Melee,"['Initiator', 'Durable', 'Disabler']",/apps/dota2/images/dota_react/heroes/primal_beast.png?,/apps/dota2/images/dota_react/heroes/icons/primal_beast.png?,200,0.0,75,0.0,2.0,25,36,38,26,15,16,4.3,1.0,1.4,150,900,1.8,305,0.6,False,2,137,224685,103956,0,0.0,0.0,17427,8343,27595,13489,31999,15944,27675,13959,17296,8855,9127,4756,5198,2733,2503,1385,959409,0
